,max_temp,rainfall,snowfall,bike_rides,month,holiday,weekend
2015-05-31,83,0.25,0.0,469,5,False,True
2015-06-01,56,0.0001,0.0,113,6,False,False
2015-06-02,63,0.0,0.0,139,6,False,False
2015-06-03,71,0.0,0.0,131,6,False,False
2015-06-04,78,0.0,0.0,207,6,False,False
2015-06-05,83,0.02,0.0,270,6,False,False
2015-06-06,76,0.0,0.0,368,6,False,True
2015-06-07,85,0.0,0.0,414,6,False,True
2015-06-08,80,0.41,0.0,121,6,False,False
2015-06-09,76,0.03,0.0,249,6,False,False
2015-06-10,86,0.0,0.0,263,6,False,False
2015-06-11,90,0.0,0.0,216,6,False,False
2015-06-12,90,0.15,0.0,265,6,False,False
2015-06-13,85,0.07,0.0,344,6,False,True
2015-06-14,85,1.38,0.0,304,6,False,True
2015-06-15,84,1.6,0.0,180,6,False,False
2015-06-16,82,0.6,0.0,314,6,False,False
2015-06-17,73,0.01,0.0,296,6,False,False
2015-06-18,85,0.67,0.0,254,6,False,False
2015-06-19,79,0.01,0.0,289,6,False,False
2015-06-20,76,0.15,0.0,218,6,False,True
2015-06-21,84,0.0,0.0,454,6,False,True
2015-06-22,85,0.0,0.0,460,6,False,False
2015-06-23,84,0.2,0.0,376,6,False,False
2015-06-24,80,0.0,0.0,452,6,False,False
2015-06-25,75,0.45,0.0,200,6,False,False
2015-06-26,81,0.0001,0.0,378,6,False,False
2015-06-27,76,1.12,0.0,183,6,False,True
2015-06-28,67,0.09,0.0,466,6,False,True
2015-06-29,76,0.21,0.0,305,6,False,False
2015-06-30,77,0.17,0.0,255,6,False,False
2015-07-01,75,0.0001,0.0,387,7,False,False
2015-07-02,78,0.0,0.0,467,7,False,False
2015-07-03,79,0.58,0.0,593,7,True,False
2015-07-04,80,0.0,0.0,757,7,False,True
2015-07-05,82,0.0,0.0,600,7,False,True
2015-07-06,83,0.33,0.0,278,7,False,False
2015-07-07,85,1.44,0.0,291,7,False,False
2015-07-08,73,0.07,0.0,324,7,False,False
2015-07-09,82,0.43,0.0,228,7,False,False
2015-07-10,73,0.03,0.0,359,7,False,False
2015-07-11,83,0.0,0.0,663,7,False,True
2015-07-12,80,0.03,0.0,396,7,False,True
2015-07-13,82,0.0001,0.0,297,7,False,False
2015-07-14,80,0.36,0.0,245,7,False,False
2015-07-15,77,0.05,0.0,347,7,False,False
2015-07-16,80,0.0,0.0,494,7,False,False
2015-07-17,83,0.0001,0.0,417,7,False,False
2015-07-18,88,0.0,0.0,557,7,False,True
2015-07-19,88,0.24,0.0,402,7,False,True
2015-07-20,85,0.01,0.0,336,7,False,False
2015-07-21,84,0.04,0.0,343,7,False,False
2015-07-22,78,0.0,0.0,490,7,False,False
2015-07-23,81,0.0,0.0,469,7,False,False
2015-07-24,85,0.0,0.0,442,7,False,False
2015-07-25,87,0.0,0.0,649,7,False,True
2015-07-26,87,0.0,0.0,855,7,False,True
2015-07-27,89,0.0,0.0,369,7,False,False
2015-07-28,92,0.0,0.0,323,7,False,False
2015-07-29,91,0.0,0.0,328,7,False,False
2015-07-30,87,0.0001,0.0,330,7,False,False
2015-07-31,87,0.0001,0.0,460,7,False,False
2015-08-01,83,0.0,0.0,544,8,False,True
2015-08-02,87,0.0,0.0,537,8,False,True
2015-08-03,84,0.93,0.0,250,8,False,False
2015-08-04,83,0.0,0.0,384,8,False,False
2015-08-05,80,0.0,0.0,435,8,False,False
2015-08-06,72,0.0,0.0,404,8,False,False
2015-08-07,78,0.0,0.0,452,8,False,False
2015-08-08,85,0.0,0.0,534,8,False,True
2015-08-09,85,0.0,0.0,523,8,False,True
2015-08-10,84,0.03,0.0,296,8,False,False
2015-08-11,83,0.0001,0.0,417,8,False,False
2015-08-12,79,0.0001,0.0,392,8,False,False
2015-08-13,79,0.0,0.0,416,8,False,False
2015-08-14,86,0.0,0.0,403,8,False,False
2015-08-15,87,0.0,0.0,561,8,False,True
2015-08-16,89,0.0,0.0,429,8,False,True
2015-08-17,90,0.0001,0.0,410,8,False,False
2015-08-18,80,1.12,0.0,282,8,False,False
2015-08-19,88,0.0,0.0,420,8,False,False
2015-08-20,80,0.11,0.0,391,8,False,False
2015-08-21,79,0.0,0.0,493,8,False,False
2015-08-22,80,0.0,0.0,676,8,False,True
2015-08-23,83,0.0,0.0,567,8,False,True
2015-08-24,79,0.0,0.0,344,8,False,False
2015-08-25,71,0.0,0.0,363,8,False,False
2015-08-26,68,0.0,0.0,361,8,False,False
2015-08-27,70,0.0,0.0,383,8,False,False
2015-08-28,80,0.0,0.0,429,8,False,False
2015-08-29,84,0.0,0.0,617,8,False,True
2015-08-30,84,0.1,0.0,449,8,False,True
2015-08-31,88,0.0,0.0,307,8,False,False
2015-09-01,89,0.0,0.0,292,9,False,False
2015-09-02,90,0.0,0.0,315,9,False,False
2015-09-03,90,0.0001,0.0,381,9,False,False
2015-09-04,89,0.0,0.0,348,9,False,False
2015-09-05,88,0.01,0.0,356,9,False,True
2015-09-06,88,0.0,0.0,581,9,False,True
2015-09-07,91,0.0,0.0,548,9,True,False
2015-09-08,91,0.0,0.0,309,9,False,False
2015-09-09,91,0.2,0.0,218,9,False,False
2015-09-10,74,0.24,0.0,255,9,False,False
2015-09-11,81,0.0,0.0,374,9,False,False
2015-09-12,66,0.5,0.0,152,9,False,True
2015-09-13,64,0.0001,0.0,210,9,False,True
2015-09-14,74,0.0,0.0,321,9,False,False
2015-09-15,80,0.0,0.0,375,9,False,False
2015-09-16,83,0.0,0.0,383,9,False,False
2015-09-17,84,0.0,0.0,356,9,False,False
2015-09-18,83,0.0,0.0,362,9,False,False
2015-09-19,83,0.07,0.0,528,9,False,True
2015-09-20,72,0.0,0.0,435,9,False,True
2015-09-21,74,0.0,0.0,303,9,False,False
2015-09-22,78,0.0,0.0,305,9,False,False
2015-09-23,79,0.0,0.0,357,9,False,False
2015-09-24,81,0.0,0.0,359,9,False,False
2015-09-25,77,0.0,0.0,437,9,False,False
2015-09-26,76,0.0,0.0,480,9,False,True
2015-09-27,76,0.13,0.0,352,9,False,True
2015-09-28,72,0.43,0.0,192,9,False,False
2015-09-29,70,3.43,0.0,63,9,False,False
2015-09-30,64,0.07,0.0,260,9,False,False
2015-10-01,67,0.0,0.0,306,10,False,False
2015-10-02,55,0.0001,0.0,278,10,False,False
2015-10-03,52,0.68,0.0,171,10,False,True
2015-10-04,64,0.0,0.0,254,10,False,True
2015-10-05,72,0.0,0.0,259,10,False,False
2015-10-06,76,0.0,0.0,289,10,False,False
2015-10-07,72,0.0,0.0,379,10,False,False
2015-10-08,76,0.0,0.0,299,10,False,False
2015-10-09,71,0.24,0.0,214,10,False,False
2015-10-10,64,0.0,0.0,378,10,False,True
2015-10-11,69,0.0,0.0,361,10,False,True
2015-10-12,74,0.12,0.0,272,10,True,False
2015-10-13,63,0.08,0.0,201,10,False,False
2015-10-14,59,0.0,0.0,226,10,False,False
2015-10-15,63,0.01,0.0,255,10,False,False
2015-10-16,58,0.05,0.0,227,10,False,False
2015-10-17,45,0.0001,0.001,156,10,False,True
2015-10-18,45,0.01,0.001,97,10,False,True
2015-10-19,59,0.0,0.0,182,10,False,False
2015-10-20,70,0.0,0.0,241,10,False,False
2015-10-21,72,0.0,0.0,269,10,False,False
2015-10-22,70,0.11,0.0,208,10,False,False
2015-10-23,64,0.0,0.0,263,10,False,False
2015-10-24,67,0.39,0.0,198,10,False,True
2015-10-25,63,0.03,0.0,157,10,False,True
2015-10-26,58,0.0,0.0,170,10,False,False
2015-10-27,59,0.18,0.0,171,10,False,False
2015-10-28,64,1.43,0.0,68,10,False,False
2015-10-29,60,0.01,0.0,192,10,False,False
2015-10-30,48,0.0001,0.0,176,10,False,False
2015-10-31,56,0.0001,0.0,196,10,False,True
2015-11-01,66,0.04,0.0,186,11,False,True
2015-11-02,68,0.0,0.0,190,11,False,False
2015-11-03,74,0.0,0.0,208,11,False,False
2015-11-04,76,0.0,0.0,222,11,False,False
2015-11-05,76,0.0,0.0,272,11,False,False
2015-11-06,69,0.19,0.0,176,11,False,False
2015-11-07,54,0.0,0.0,250,11,False,True
2015-11-08,52,0.0,0.0,201,11,False,True
2015-11-09,56,0.0001,0.0,159,11,False,False
2015-11-10,54,0.61,0.0,55,11,False,False
2015-11-11,53,0.0001,0.0,177,11,True,False
2015-11-12,65,0.1,0.0,169,11,False,False
2015-11-13,50,0.0,0.0,180,11,False,False
2015-11-14,47,0.0,0.0,129,11,False,True
2015-11-15,62,0.0,0.0,187,11,False,True
2015-11-16,64,0.0,0.0,167,11,False,False
2015-11-17,64,0.0,0.0,151,11,False,False
2015-11-18,65,0.08,0.0,160,11,False,False
2015-11-19,63,0.09,0.0,192,11,False,False
2015-11-20,48,0.0,0.0,209,11,False,False
2015-11-21,57,0.04,0.0,157,11,False,True
2015-11-22,39,0.0001,0.001,45,11,False,True
2015-11-23,37,0.0001,0.001,94,11,False,False
2015-11-24,46,0.0,0.0,113,11,False,False
2015-11-25,57,0.0,0.0,112,11,False,False
2015-11-26,64,0.0,0.0,104,11,True,False
2015-11-27,64,0.0001,0.0,181,11,False,False
2015-11-28,60,0.22,0.0,24,11,False,True
2015-11-29,41,0.01,0.0,45,11,False,True
2015-11-30,46,0.0001,0.0,77,11,False,False
2015-12-01,57,0.23,0.0,59,12,False,False
2015-12-02,49,0.14,0.001,70,12,False,False
2015-12-03,39,0.01,0.001,99,12,False,False
2015-12-04,46,0.0,0.0,109,12,False,False
2015-12-05,47,0.0,0.0,114,12,False,True
2015-12-06,46,0.0,0.0,103,12,False,True
2015-12-07,47,0.0,0.0,113,12,False,False
2015-12-08,47,0.0,0.0,91,12,False,False
2015-12-09,56,0.03,0.0,106,12,False,False
2015-12-10,55,0.0,0.0,136,12,False,False
2015-12-11,61,0.0,0.0,165,12,False,False
2015-12-12,68,0.0,0.0,596,12,False,True
2015-12-13,64,0.0,0.0,207,12,False,True
2015-12-14,63,0.19,0.0,83,12,False,False
2015-12-15,51,0.0001,0.0,108,12,False,False
2015-12-16,56,0.0,0.0,139,12,False,False
2015-12-17,53,0.43,0.0,48,12,False,False
2015-12-18,34,0.05,0.3,62,12,False,False
2015-12-19,33,0.0001,0.001,57,12,False,True
2015-12-20,41,0.0,0.0,56,12,False,True
2015-12-21,52,0.07,0.0,67,12,False,False
2015-12-22,62,0.19,0.0,97,12,False,False
2015-12-23,64,0.01,0.0,79,12,False,False
2015-12-24,63,0.57,0.0,84,12,False,False
2015-12-25,57,0.0001,0.0,39,12,True,False
2015-12-26,57,0.28,0.0,72,12,False,True
2015-12-27,66,0.61,0.0,21,12,False,True
2015-12-28,42,0.2,0.0,34,12,False,False
2015-12-29,53,0.03,0.0,52,12,False,False
2015-12-30,49,0.0,0.0,70,12,False,False
2015-12-31,41,0.0001,0.001,48,12,False,False
2016-01-01,35,0.0001,0.001,30,1,True,False
2016-01-02,36,0.0,0.0,22,1,False,True
2016-01-03,34,0.01,0.1,31,1,False,True
2016-01-04,28,0.03,0.6,33,1,False,False
2016-01-05,27,0.0,0.0,38,1,False,False
2016-01-06,41,0.0,0.0,51,1,False,False
2016-01-07,47,0.0,0.0,80,1,False,False
2016-01-08,41,0.28,0.0,41,1,False,False
2016-01-09,54,0.05,0.0,136,1,False,True
2016-01-10,48,0.49,0.4,28,1,False,True
2016-01-11,22,0.01,0.1,54,1,False,False
2016-01-12,31,0.23,4.7,21,1,False,False
2016-01-13,19,0.0001,0.1,18,1,False,False
2016-01-14,43,0.0001,0.001,50,1,False,False
2016-01-15,49,0.12,0.0,72,1,False,False
2016-01-16,41,0.03,0.001,50,1,False,True
2016-01-17,30,0.05,0.9,30,1,False,True
2016-01-18,13,0.0001,0.001,13,1,True,False
2016-01-19,18,0.0001,0.1,25,1,False,False
2016-01-20,19,0.06,2.0,23,1,False,False
2016-01-21,22,0.0001,0.001,37,1,False,False
2016-01-22,23,0.32,2.9,32,1,False,False
2016-01-23,29,0.1,2.0,9,1,False,True
2016-01-24,28,0.0001,0.001,13,1,False,True
2016-01-25,44,0.0001,0.0,40,1,False,False
2016-01-26,50,0.0001,0.0,62,1,False,False
2016-01-27,33,0.0001,0.001,77,1,False,False
2016-01-28,43,0.0001,0.001,70,1,False,False
2016-01-29,36,0.01,0.7,42,1,False,False
2016-01-30,55,0.0,0.0,112,1,False,True
2016-01-31,61,0.0,0.0,281,1,False,True
2016-02-01,60,0.05,0.0,85,2,False,False
2016-02-02,50,0.0001,0.0,94,2,False,False
2016-02-03,62,0.47,0.0,101,2,False,False
2016-02-04,41,0.0001,0.001,99,2,False,False
2016-02-05,36,0.01,0.2,59,2,False,False
2016-02-06,43,0.0,0.0,85,2,False,True
2016-02-07,51,0.0,0.0,100,2,False,True
2016-02-08,44,0.04,0.001,74,2,False,False
2016-02-09,32,0.17,2.0,28,2,False,False
2016-02-10,24,0.1,2.5,33,2,False,False
2016-02-11,18,0.01,0.2,36,2,False,False
2016-02-12,20,0.02,1.0,38,2,False,False
2016-02-13,15,0.01,0.8,12,2,False,True
2016-02-14,19,0.0001,0.001,17,2,False,True
2016-02-15,34,0.27,0.1,28,2,True,False
2016-02-16,35,0.81,1.5,38,2,False,False
2016-02-17,34,0.03,0.6,55,2,False,False
2016-02-18,33,0.0,0.0,49,2,False,False
2016-02-19,59,0.0,0.0,82,2,False,False
2016-02-20,67,0.0,0.0,441,2,False,True
2016-02-21,55,0.0,0.0,194,2,False,True
2016-02-22,49,0.0,0.0,102,2,False,False
2016-02-23,53,0.0,0.0,109,2,False,False
2016-02-24,62,1.01,0.0,76,2,False,False
2016-02-25,45,0.1,0.5,57,2,False,False
2016-02-26,31,0.0001,0.1,52,2,False,False
2016-02-27,41,0.0001,0.001,78,2,False,True
2016-02-28,63,0.0,0.0,414,2,False,True
2016-02-29,59,0.04,0.0,88,2,False,False
2016-03-01,65,0.31,0.0,140,3,False,False
2016-03-02,38,0.0001,0.001,58,3,False,False
2016-03-03,34,0.04,0.7,66,3,False,False
2016-03-04,33,0.08,1.0,62,3,False,False
2016-03-05,41,0.0001,0.001,54,3,False,True
2016-03-06,40,0.0,0.0,68,3,False,True
2016-03-07,66,0.0001,0.0,181,3,False,False
2016-03-08,71,0.0,0.0,215,3,False,False
2016-03-09,74,0.0,0.0,326,3,False,False
2016-03-10,65,0.55,0.0,79,3,False,False
2016-03-11,55,0.05,0.0,143,3,False,False
2016-03-12,68,0.0,0.0,406,3,False,True
2016-03-13,59,0.23,0.0,38,3,False,True
2016-03-14,73,0.73,0.0,208,3,False,False
2016-03-15,59,0.0001,0.0,129,3,False,False
2016-03-16,68,0.0001,0.0,237,3,False,False
2016-03-17,60,0.0001,0.0,154,3,False,False
2016-03-18,60,0.0001,0.0,200,3,False,False
2016-03-19,40,0.01,0.001,69,3,False,True
2016-03-20,37,0.07,0.4,29,3,False,True
2016-03-21,44,0.0001,0.001,73,3,False,False
2016-03-22,60,0.0,0.0,143,3,False,False
2016-03-23,68,0.0,0.0,266,3,False,False
2016-03-24,75,0.09,0.0,237,3,False,False
2016-03-25,59,0.18,0.0,112,3,False,False
2016-03-26,59,0.0,0.0,393,3,False,True
2016-03-27,76,0.0,0.0,503,3,False,True
2016-03-28,60,0.49,0.0,104,3,False,False
2016-03-29,53,0.0001,0.0,133,3,False,False
2016-03-30,69,0.0,0.0,269,3,False,False
2016-03-31,72,0.0001,0.0,214,3,False,False
2016-04-01,68,0.08,0.0,217,4,False,False
2016-04-02,52,0.18,0.6,139,4,False,True
2016-04-03,52,0.02,0.2,89,4,False,True
2016-04-04,55,0.13,0.001,66,4,False,False
2016-04-05,42,0.0001,0.1,92,4,False,False
2016-04-06,67,0.0001,0.0,170,4,False,False
2016-04-07,53,0.15,0.001,86,4,False,False
2016-04-08,47,0.12,0.7,107,4,False,False
2016-04-09,35,0.18,1.5,32,4,False,True
2016-04-10,51,0.01,0.001,46,4,False,True
2016-04-11,65,0.7,0.0,76,4,False,False
2016-04-12,50,0.02,0.0,133,4,False,False
2016-04-13,56,0.0,0.0,216,4,False,False
2016-04-14,67,0.0,0.0,244,4,False,False
2016-04-15,71,0.0,0.0,333,4,False,False
2016-04-16,74,0.0,0.0,593,4,False,True
2016-04-17,81,0.0,0.0,707,4,False,True
2016-04-18,80,0.0,0.0,306,4,False,False
2016-04-19,73,0.0,0.0,261,4,False,False
2016-04-20,74,0.0,0.0,281,4,False,False
2016-04-21,75,0.0001,0.0,193,4,False,False
2016-04-22,68,0.11,0.0,172,4,False,False
2016-04-23,61,0.0,0.0,369,4,False,True
2016-04-24,70,0.0,0.0,447,4,False,True
2016-04-25,80,0.0001,0.0,293,4,False,False
2016-04-26,77,0.12,0.0,210,4,False,False
2016-04-27,67,0.0,0.0,252,4,False,False
2016-04-28,55,0.21,0.0,90,4,False,False
2016-04-29,57,0.0001,0.0,180,4,False,False
2016-04-30,66,0.22,0.0,342,4,False,True
2016-05-01,74,0.28,0.0,354,5,False,True
2016-05-02,67,0.67,0.0,267,5,False,False
2016-05-03,64,0.0,0.0,297,5,False,False
2016-05-04,63,0.04,0.0,201,5,False,False
2016-05-05,65,0.05,0.0,150,5,False,False
2016-05-06,70,0.0001,0.0,236,5,False,False
2016-05-07,73,0.12,0.0,313,5,False,True
2016-05-08,65,0.0001,0.0,346,5,False,True
2016-05-09,56,0.0001,0.0,182,5,False,False
2016-05-10,69,0.22,0.0,164,5,False,False
2016-05-11,74,0.01,0.0,229,5,False,False
2016-05-12,79,0.25,0.0,251,5,False,False
2016-05-13,70,0.16,0.0,299,5,False,False
2016-05-14,57,0.27,0.0,102,5,False,True
2016-05-15,50,0.01,0.001,109,5,False,True
2016-05-16,63,0.0,0.0,259,5,False,False
2016-05-17,62,0.0001,0.0,212,5,False,False
2016-05-18,60,0.14,0.0,214,5,False,False
2016-05-19,70,0.0,0.0,281,5,False,False
2016-05-20,74,0.03,0.0,546,5,False,False
2016-05-21,58,1.09,0.0,60,5,False,True
2016-05-22,68,0.26,0.0,163,5,False,True
2016-05-23,79,0.01,0.0,271,5,False,False
2016-05-24,80,0.0,0.0,372,5,False,False
2016-05-25,82,0.0,0.0,341,5,False,False
2016-05-26,82,0.0,0.0,326,5,False,False
2016-05-27,87,0.0,0.0,334,5,False,False
2016-05-28,88,0.0,0.0,446,5,False,True
2016-05-29,82,0.0001,0.0,642,5,False,True
2016-05-30,83,0.0,0.0,468,5,True,False
2016-05-31,87,0.0,0.0,306,5,False,False
2016-06-01,88,0.0001,0.0,322,6,False,False
2016-06-02,85,0.25,0.0,216,6,False,False
2016-06-03,84,0.08,0.0,320,6,False,False
2016-06-04,80,0.05,0.0,394,6,False,True
2016-06-05,76,0.26,0.0,218,6,False,True
2016-06-06,81,0.65,0.0,260,6,False,False
2016-06-07,72,0.0001,0.0,390,6,False,False
2016-06-08,66,0.01,0.0,292,6,False,False
2016-06-09,72,0.0,0.0,420,6,False,False
2016-06-10,81,0.0,0.0,425,6,False,False
2016-06-11,90,0.0,0.0,440,6,False,True
2016-06-12,80,0.0,0.0,553,6,False,True
2016-06-13,77,0.0,0.0,300,6,False,False
2016-06-14,80,0.0,0.0,333,6,False,False
2016-06-15,87,0.2,0.0,427,6,False,False
2016-06-16,78,1.07,0.0,155,6,False,False
2016-06-17,82,0.01,0.0,327,6,False,False
2016-06-18,86,0.0,0.0,473,6,False,True
2016-06-19,84,0.0,0.0,370,6,False,True
2016-06-20,89,0.0,0.0,297,6,False,False
2016-06-21,85,0.0,0.0,310,6,False,False
2016-06-22,83,0.0001,0.0,365,6,False,False
2016-06-23,72,0.51,0.0,159,6,False,False
2016-06-24,84,0.0,0.0,309,6,False,False
2016-06-25,87,0.0,0.0,415,6,False,True
2016-06-26,92,0.0,0.0,674,6,False,True
2016-06-27,89,0.01,0.0,258,6,False,False
2016-06-28,82,0.0,0.0,343,6,False,False
2016-06-29,74,0.0,0.0,361,6,False,False
2016-06-30,81,0.0,0.0,410,6,False,False
2016-07-01,81,0.13,0.0,331,7,False,False
2016-07-02,73,0.0,0.0,546,7,False,True
2016-07-03,75,0.0,0.0,468,7,False,True
2016-07-04,76,0.23,0.0,335,7,True,False
2016-07-05,86,0.05,0.0,227,7,False,False
2016-07-06,87,0.09,0.0,272,7,False,False
2016-07-07,86,0.01,0.0,265,7,False,False
2016-07-08,86,0.0,0.0,326,7,False,False
2016-07-09,83,0.0001,0.0,836,7,False,True
2016-07-10,84,0.0,0.0,531,7,False,True
2016-07-11,88,0.0,0.0,331,7,False,False
2016-07-12,90,0.0,0.0,320,7,False,False
2016-07-13,88,0.0001,0.0,232,7,False,False
2016-07-14,88,0.41,0.0,298,7,False,False
2016-07-15,85,0.0,0.0,267,7,False,False
2016-07-16,84,0.0,0.0,554,7,False,True
2016-07-17,86,0.0,0.0,386,7,False,True
2016-07-18,87,0.01,0.0,266,7,False,False
2016-07-19,87,0.0,0.0,348,7,False,False
2016-07-20,85,0.0,0.0,340,7,False,False
2016-07-21,91,0.0,0.0,311,7,False,False
2016-07-22,88,0.5,0.0,281,7,False,False
2016-07-23,92,0.0001,0.0,373,7,False,True
2016-07-24,91,0.36,0.0,270,7,False,True
2016-07-25,93,0.02,0.0,268,7,False,False
2016-07-26,89,0.0,0.0,309,7,False,False
2016-07-27,90,0.0001,0.0,274,7,False,False
2016-07-28,76,0.38,0.0,163,7,False,False
2016-07-29,85,0.0,0.0,276,7,False,False
2016-07-30,81,0.85,0.0,181,7,False,True
2016-07-31,85,0.08,0.0,579,7,False,True
2016-08-01,87,0.03,0.0,237,8,False,False
2016-08-02,88,0.0,0.0,306,8,False,False
2016-08-03,87,0.0,0.0,313,8,False,False
2016-08-04,84,0.0001,0.0,300,8,False,False
2016-08-05,87,0.11,0.0,342,8,False,False
2016-08-06,83,0.08,0.0,484,8,False,True
2016-08-07,85,0.0,0.0,444,8,False,True
2016-08-08,85,0.0,0.0,260,8,False,False
2016-08-09,88,0.0001,0.0,275,8,False,False
2016-08-10,87,0.01,0.0,215,8,False,False
2016-08-11,91,0.02,0.0,268,8,False,False
2016-08-12,90,0.81,0.0,187,8,False,False
2016-08-13,90,0.26,0.0,233,8,False,True
2016-08-14,81,0.42,0.0,121,8,False,True
2016-08-15,80,0.11,0.0,202,8,False,False
2016-08-16,88,0.32,0.0,171,8,False,False
2016-08-17,76,0.47,0.0,168,8,False,False
2016-08-18,85,0.0,0.0,261,8,False,False
2016-08-19,85,0.0,0.0,274,8,False,False
2016-08-20,86,0.0001,0.0,465,8,False,True
2016-08-21,77,0.2,0.0,263,8,False,True
2016-08-22,77,0.0,0.0,269,8,False,False
2016-08-23,81,0.0,0.0,366,8,False,False
2016-08-24,85,0.0,0.0,336,8,False,False
2016-08-25,88,0.37,0.0,255,8,False,False
2016-08-26,87,0.0,0.0,268,8,False,False
2016-08-27,89,0.0,0.0,354,8,False,True
2016-08-28,89,0.0,0.0,263,8,False,True
2016-08-29,87,0.0,0.0,269,8,False,False
2016-08-30,88,0.0,0.0,264,8,False,False
2016-08-31,85,0.08,0.0,245,8,False,False
2016-09-01,79,0.0,0.0,262,9,False,False
2016-09-02,77,0.0,0.0,319,9,False,False
2016-09-03,79,0.0,0.0,410,9,False,True
2016-09-04,83,0.0,0.0,513,9,False,True
2016-09-05,86,0.0,0.0,462,9,True,False
2016-09-06,88,0.0001,0.0,274,9,False,False
2016-09-07,87,0.19,0.0,279,9,False,False
2016-09-08,88,0.05,0.0,259,9,False,False
2016-09-09,80,0.65,0.0,230,9,False,False
2016-09-10,89,0.13,0.0,483,9,False,True
2016-09-11,75,0.0001,0.0,384,9,False,True
2016-09-12,79,0.0,0.0,264,9,False,False
2016-09-13,83,0.0,0.0,262,9,False,False
2016-09-14,81,0.05,0.0,232,9,False,False
2016-09-15,75,0.0,0.0,286,9,False,False
2016-09-16,82,0.0,0.0,316,9,False,False
2016-09-17,81,0.06,0.0,363,9,False,True
2016-09-18,75,0.01,0.0,124,9,False,True
2016-09-19,83,0.0,0.0,238,9,False,False
2016-09-20,86,0.0,0.0,267,9,False,False
2016-09-21,86,0.0,0.0,261,9,False,False
2016-09-22,87,0.0,0.0,247,9,False,False
2016-09-23,88,0.0,0.0,287,9,False,False
2016-09-24,75,0.0,0.0,349,9,False,True
2016-09-25,76,0.0,0.0,693,9,False,True
2016-09-26,78,0.01,0.0,217,9,False,False
2016-09-27,72,0.0,0.0,242,9,False,False
2016-09-28,76,0.0,0.0,252,9,False,False
2016-09-29,67,1.43,0.0,127,9,False,False
2016-09-30,66,0.5,0.0,163,9,False,False
2016-10-01,71,0.37,0.0,252,10,False,True
2016-10-02,68,0.11,0.0,224,10,False,True
2016-10-03,70,0.0,0.0,209,10,False,False
2016-10-04,73,0.0,0.0,233,10,False,False
2016-10-05,71,0.0,0.0,257,10,False,False
2016-10-06,76,0.0,0.0,275,10,False,False
2016-10-07,75,0.1,0.0,215,10,False,False
2016-10-08,64,0.01,0.0,211,10,False,True
2016-10-09,61,0.0,0.0,232,10,False,True
2016-10-10,62,0.0,0.0,189,10,True,False
2016-10-11,64,0.0,0.0,170,10,False,False
2016-10-12,74,0.0,0.0,232,10,False,False
2016-10-13,64,0.0001,0.0,194,10,False,False
2016-10-14,61,0.0,0.0,200,10,False,False
2016-10-15,75,0.0,0.0,292,10,False,True
2016-10-16,77,0.0001,0.0,293,10,False,True
2016-10-17,78,0.31,0.0,267,10,False,False
2016-10-18,79,0.0001,0.0,263,10,False,False
2016-10-19,75,0.06,0.0,210,10,False,False
2016-10-20,79,1.25,0.0,113,10,False,False
2016-10-21,60,1.26,0.0,54,10,False,False
2016-10-22,49,0.02,0.0,79,10,False,True
2016-10-23,64,0.0,0.0,253,10,False,True
2016-10-24,61,0.0001,0.0,175,10,False,False
2016-10-25,55,0.0,0.0,150,10,False,False
2016-10-26,48,0.0001,0.0,107,10,False,False
2016-10-27,61,0.16,0.0,106,10,False,False
2016-10-28,54,0.03,0.0,143,10,False,False
2016-10-29,75,0.0,0.0,286,10,False,True
2016-10-30,71,0.26,0.0,111,10,False,True
2016-10-31,52,0.0,0.0,140,10,False,False
2016-11-01,77,0.0,0.0,196,11,False,False
2016-11-02,80,0.0,0.0,240,11,False,False
2016-11-03,68,0.14,0.0,137,11,False,False
2016-11-04,57,0.0,0.0,159,11,False,False
2016-11-05,62,0.0,0.0,269,11,False,True
2016-11-06,65,0.0,0.0,198,11,False,True
2016-11-07,69,0.0,0.0,144,11,False,False
2016-11-08,66,0.07,0.0,140,11,False,False
2016-11-09,53,0.05,0.0,97,11,False,False
2016-11-10,59,0.0,0.0,123,11,False,False
2016-11-11,58,0.0001,0.0,136,11,True,False
2016-11-12,49,0.0,0.0,179,11,False,True
2016-11-13,55,0.0,0.0,139,11,False,True
2016-11-14,58,0.0,0.0,164,11,False,False
2016-11-15,59,0.0,0.0,119,11,False,False
2016-11-16,56,0.0001,0.0,150,11,False,False
2016-11-17,61,0.0,0.0,143,11,False,False
2016-11-18,74,0.0,0.0,273,11,False,False
2016-11-19,60,0.24,0.5,42,11,False,True
2016-11-20,34,0.08,1.6,28,11,False,True
2016-11-21,36,0.0001,0.001,72,11,False,False
2016-11-22,39,0.0,0.0,77,11,False,False
2016-11-23,45,0.0001,0.0,72,11,False,False
2016-11-24,51,0.22,0.0,28,11,True,False
2016-11-25,46,0.0001,0.0,44,11,False,False
2016-11-26,45,0.01,0.001,61,11,False,True
2016-11-27,46,0.0,0.0,53,11,False,True
2016-11-28,52,0.0001,0.0,90,11,False,False
2016-11-29,64,0.17,0.0,140,11,False,False
2016-11-30,60,0.45,0.0,71,11,False,False
2016-12-01,48,0.0001,0.001,93,12,False,False
2016-12-02,41,0.0001,0.001,74,12,False,False
2016-12-03,39,0.0001,0.001,61,12,False,True
2016-12-04,42,0.09,0.001,66,12,False,True
2016-12-05,44,0.03,0.0,92,12,False,False
2016-12-06,44,0.37,0.0,51,12,False,False
2016-12-07,43,0.0,0.0,78,12,False,False
2016-12-08,35,0.0001,0.001,64,12,False,False
2016-12-09,28,0.0001,0.001,44,12,False,False
2016-12-10,29,0.0001,0.1,40,12,False,True
2016-12-11,35,0.38,1.2,24,12,False,True
2016-12-12,43,0.27,0.0,57,12,False,False
2016-12-13,33,0.29,3.8,35,12,False,False
2016-12-14,31,0.0001,0.001,33,12,False,False
2016-12-15,19,0.0001,0.001,20,12,False,False
2016-12-16,23,0.0,0.0,21,12,False,False
2016-12-17,61,0.84,0.001,8,12,False,True
2016-12-18,62,0.76,0.1,8,12,False,True
2016-12-19,26,0.0,0.0,34,12,False,False
2016-12-20,36,0.0,0.0,37,12,False,False
2016-12-21,36,0.0,0.0,47,12,False,False
2016-12-22,41,0.0,0.0,42,12,False,False
2016-12-23,40,0.0001,0.0,36,12,False,False
2016-12-24,49,0.01,0.0,23,12,False,True
2016-12-25,39,0.0001,0.0,30,12,False,True
2016-12-26,66,0.08,0.0,40,12,True,False
2016-12-27,66,0.07,0.0,51,12,False,False
2016-12-28,41,0.0,0.0,40,12,False,False
2016-12-29,39,0.18,0.1,21,12,False,False
2016-12-30,31,0.04,0.7,17,12,False,False
2016-12-31,43,0.02,0.001,26,12,False,True
2017-01-01,44,0.01,0.0,60,1,False,True
2017-01-02,47,0.1,0.0,23,1,True,False
2017-01-03,49,0.98,0.0,19,1,False,False
2017-01-04,43,0.0001,0.001,45,1,False,False
2017-01-05,22,0.09,1.7,26,1,False,False
2017-01-06,17,0.0001,0.2,17,1,False,False
2017-01-07,17,0.0001,0.001,14,1,False,True
2017-01-08,16,0.0001,0.001,6,1,False,True
2017-01-09,28,0.0,0.0,28,1,False,False
2017-01-10,50,0.16,0.5,35,1,False,False
2017-01-11,58,0.16,0.0,47,1,False,False
2017-01-12,66,0.4,0.0,47,1,False,False
2017-01-13,36,0.0,0.0,43,1,False,False
2017-01-14,35,0.01,0.001,24,1,False,True
2017-01-15,34,0.0,0.0,27,1,False,True
2017-01-16,38,0.0001,0.0,31,1,True,False
2017-01-17,62,0.05,0.0,67,1,False,False
2017-01-18,50,0.01,0.0,67,1,False,False
2017-01-19,42,0.0001,0.0,71,1,False,False
2017-01-20,56,0.22,0.0,60,1,False,False
2017-01-21,64,0.01,0.0,305,1,False,True
2017-01-22,62,0.01,0.0,113,1,False,True
2017-01-23,50,0.77,0.3,29,1,False,False
2017-01-24,40,0.03,0.001,37,1,False,False
2017-01-25,52,0.04,0.0,73,1,False,False
2017-01-26,51,0.15,0.001,40,1,False,False
2017-01-27,32,0.06,1.3,41,1,False,False
2017-01-28,33,0.03,0.3,41,1,False,True
2017-01-29,32,0.03,0.3,32,1,False,True
2017-01-30,28,0.06,1.4,30,1,False,False
2017-01-31,39,0.16,1.5,38,1,False,False
2017-02-01,38,0.02,0.001,50,2,False,False
2017-02-02,34,0.01,0.3,60,2,False,False
2017-02-03,26,0.0001,0.001,55,2,False,False
2017-02-04,31,0.0,0.0,38,2,False,True
2017-02-05,45,0.0,0.0,49,2,False,True
2017-02-06,54,0.06,0.0,83,2,False,False
2017-02-07,63,0.45,0.0,53,2,False,False
2017-02-08,56,0.27,3.2,66,2,False,False
2017-02-09,29,0.09,2.0,15,2,False,False
2017-02-10,31,0.0001,0.001,28,2,False,False
2017-02-11,57,0.0001,0.0,86,2,False,True
2017-02-12,57,0.22,0.001,32,2,False,True
2017-02-13,39,0.01,0.2,61,2,False,False
2017-02-14,50,0.0,0.0,59,2,False,False
2017-02-15,43,0.03,0.8,48,2,False,False
2017-02-16,28,0.0001,0.2,34,2,False,False
2017-02-17,53,0.0,0.0,92,2,False,False
2017-02-18,68,0.0,0.0,408,2,False,True
2017-02-19,65,0.0,0.0,390,2,False,True
2017-02-20,61,0.0,0.0,191,2,True,False
2017-02-21,65,0.0,0.0,145,2,False,False
2017-02-22,66,0.0,0.0,152,2,False,False
2017-02-23,69,0.0001,0.0,124,2,False,False
2017-02-24,76,0.0,0.0,379,2,False,False
2017-02-25,66,0.3,0.001,96,2,False,True
2017-02-26,39,0.0001,0.001,53,2,False,True
2017-02-27,46,0.0001,0.0,58,2,False,False
2017-02-28,57,0.0,0.0,87,2,False,False
2017-03-01,61,1.13,0.0,61,3,False,False
2017-03-02,41,0.02,0.3,54,3,False,False
2017-03-03,32,0.0001,0.001,50,3,False,False
2017-03-04,33,0.0,0.0,23,3,False,True
2017-03-05,47,0.0,0.0,67,3,False,True
2017-03-06,56,0.33,0.0,59,3,False,False
2017-03-07,60,0.44,0.0,49,3,False,False
2017-03-08,56,0.0001,0.0,79,3,False,False
2017-03-09,58,0.1,0.7,120,3,False,False
2017-03-10,33,0.25,3.2,43,3,False,False
2017-03-11,26,0.0001,0.001,19,3,False,True
2017-03-12,28,0.0001,0.001,20,3,False,True
2017-03-13,41,0.0,0.0,46,3,False,False
2017-03-14,34,0.06,1.2,23,3,False,False
2017-03-15,26,0.1,1.8,18,3,False,False
2017-03-16,36,0.0001,0.001,29,3,False,False
2017-03-17,41,0.19,2.5,41,3,False,False
2017-03-18,45,0.07,0.001,45,3,False,True
2017-03-19,40,0.0,0.0,45,3,False,True
2017-03-20,51,0.0,0.0,80,3,False,False
2017-03-21,59,0.0,0.0,116,3,False,False
2017-03-22,38,0.0001,0.001,60,3,False,False
2017-03-23,50,0.0,0.0,89,3,False,False
2017-03-24,74,0.25,0.0,192,3,False,False
2017-03-25,73,0.0,0.0,447,3,False,True
2017-03-26,68,0.45,0.0,195,3,False,True
2017-03-27,68,0.22,0.0,180,3,False,False
2017-03-28,58,0.09,0.0,73,3,False,False
2017-03-29,60,0.0,0.0,142,3,False,False
2017-03-30,55,0.03,0.0,107,3,False,False
2017-03-31,54,1.29,0.0,26,3,False,False
2017-04-01,43,0.0001,0.0,55,4,False,True
2017-04-02,58,0.0,0.0,253,4,False,True
2017-04-03,69,0.04,0.0,93,4,False,False
2017-04-04,63,0.05,0.0,137,4,False,False
2017-04-05,72,0.0001,0.0,203,4,False,False
2017-04-06,58,0.48,0.0,60,4,False,False
2017-04-07,39,0.0001,0.0,58,4,False,False
2017-04-08,59,0.0,0.0,280,4,False,True
2017-04-09,73,0.0,0.0,460,4,False,True
2017-04-10,79,0.0,0.0,344,4,False,False
2017-04-11,69,0.05,0.0,140,4,False,False
2017-04-12,65,0.0,0.0,206,4,False,False
2017-04-13,59,0.0,0.0,161,4,False,False
2017-04-14,73,0.0,0.0,368,4,False,False
2017-04-15,82,0.0,0.0,462,4,False,True
2017-04-16,76,0.69,0.0,227,4,False,True
2017-04-17,69,0.04,0.0,221,4,False,False
2017-04-18,71,0.0,0.0,291,4,False,False
2017-04-19,73,0.74,0.0,164,4,False,False
2017-04-20,77,0.13,0.0,225,4,False,False
2017-04-21,68,0.0001,0.0,271,4,False,False
2017-04-22,54,0.02,0.0,251,4,False,True
2017-04-23,69,0.0,0.0,393,4,False,True
2017-04-24,64,0.0001,0.0,103,4,False,False
2017-04-25,66,0.1,0.0,95,4,False,False
2017-04-26,78,0.0,0.0,296,4,False,False
2017-04-27,81,0.53,0.0,186,4,False,False
2017-04-28,73,0.27,0.0,255,4,False,False
2017-04-29,74,0.26,0.0,169,4,False,True
2017-04-30,87,0.01,0.0,335,4,False,True
2017-05-01,81,0.68,0.0,104,5,False,False
2017-05-02,62,0.01,0.0,140,5,False,False
2017-05-03,59,0.0001,0.0,183,5,False,False
2017-05-04,66,0.15,0.0,137,5,False,False
2017-05-05,72,0.89,0.0,173,5,False,False
2017-05-06,48,0.39,0.0,41,5,False,True
2017-05-07,57,0.0001,0.0,414,5,False,True
2017-05-08,57,0.0,0.0,163,5,False,False
2017-05-09,66,0.0,0.0,223,5,False,False
2017-05-10,73,0.0,0.0,226,5,False,False
2017-05-11,58,0.41,0.0,111,5,False,False
2017-05-12,58,0.0,0.0,150,5,False,False
2017-05-13,67,0.01,0.0,248,5,False,True
2017-05-14,71,0.0,0.0,286,5,False,True
2017-05-15,71,0.0,0.0,241,5,False,False
2017-05-16,83,0.0,0.0,300,5,False,False
2017-05-17,87,0.0,0.0,283,5,False,False
2017-05-18,85,0.13,0.0,240,5,False,False
2017-05-19,83,0.0001,0.0,471,5,False,False
2017-05-20,72,0.0,0.0,420,5,False,True
2017-05-21,76,0.52,0.0,129,5,False,True
2017-05-22,67,0.1,0.0,262,5,False,False
2017-05-23,72,0.0,0.0,271,5,False,False
2017-05-24,67,0.09,0.0,159,5,False,False
2017-05-25,67,0.6,0.0,138,5,False,False
2017-05-26,68,0.3,0.0,179,5,False,False
2017-05-27,72,0.23,0.0,321,5,False,True
2017-05-28,79,0.08,0.0,695,5,False,True
2017-05-29,79,0.24,0.0,502,5,True,False
2017-05-30,78,0.02,0.0,277,5,False,False
2017-05-31,76,0.3,0.0,221,5,False,False
2017-06-01,74,0.0,0.0,334,6,False,False
2017-06-02,78,0.0,0.0,387,6,False,False
2017-06-03,80,0.0,0.0,540,6,False,True
2017-06-04,82,0.16,0.0,243,6,False,True
2017-06-05,76,0.27,0.0,212,6,False,False
2017-06-06,65,0.0001,0.0,270,6,False,False
2017-06-07,66,0.0001,0.0,291,6,False,False
2017-06-08,70,0.0,0.0,312,6,False,False
2017-06-09,78,0.0,0.0,382,6,False,False
2017-06-10,84,0.0001,0.0,517,6,False,True
2017-06-11,85,0.0,0.0,468,6,False,True
2017-06-12,88,0.0,0.0,280,6,False,False
2017-06-13,91,0.0001,0.0,195,6,False,False
2017-06-14,87,0.06,0.0,341,6,False,False
2017-06-15,85,0.4,0.0,192,6,False,False
2017-06-16,83,0.02,0.0,218,6,False,False
2017-06-17,87,0.0,0.0,414,6,False,True
2017-06-18,88,0.66,0.0,232,6,False,True
2017-06-19,79,0.68,0.0,178,6,False,False
2017-06-20,77,0.0,0.0,297,6,False,False
2017-06-21,80,0.07,0.0,305,6,False,False
2017-06-22,86,0.0,0.0,276,6,False,False
2017-06-23,76,0.81,0.0,124,6,False,False
2017-06-24,79,0.07,0.0,440,6,False,True
2017-06-25,75,0.0001,0.0,706,6,False,True
2017-06-26,73,0.0001,0.0,268,6,False,False
2017-06-27,70,0.0001,0.0,308,6,False,False
2017-06-28,75,0.0,0.0,356,6,False,False
2017-06-29,85,0.5,0.0,279,6,False,False
2017-06-30,84,0.08,0.0,301,6,False,False
2017-07-01,82,0.17,0.0,383,7,False,True
2017-07-02,84,0.0,0.0,478,7,False,True
2017-07-03,85,0.23,0.0,413,7,False,False
2017-07-04,84,0.0001,0.0,607,7,True,False
2017-07-05,88,0.0,0.0,272,7,False,False
2017-07-06,81,0.55,0.0,145,7,False,False
2017-07-07,81,0.1,0.0,215,7,False,False
2017-07-08,80,0.12,0.0,340,7,False,True
2017-07-09,78,0.0,0.0,446,7,False,True
2017-07-10,80,0.57,0.0,138,7,False,False
2017-07-11,82,0.95,0.0,166,7,False,False
2017-07-12,87,0.11,0.0,279,7,False,False
2017-07-13,77,0.26,0.0,215,7,False,False
2017-07-14,84,0.18,0.0,265,7,False,False
2017-07-15,79,0.0,0.0,595,7,False,True
2017-07-16,82,0.0,0.0,344,7,False,True
2017-07-17,85,0.0,0.0,264,7,False,False
2017-07-18,87,0.0,0.0,314,7,False,False
2017-07-19,89,0.0,0.0,251,7,False,False
2017-07-20,88,0.05,0.0,256,7,False,False
2017-07-21,87,0.0,0.0,292,7,False,False
2017-07-22,78,0.65,0.0,143,7,False,True
2017-07-23,81,0.41,0.0,247,7,False,True
2017-07-24,80,0.03,0.0,216,7,False,False
2017-07-25,76,0.0001,0.0,287,7,False,False
2017-07-26,80,0.0,0.0,323,7,False,False
2017-07-27,83,0.51,0.0,299,7,False,False
2017-07-28,81,1.17,0.0,179,7,False,False
2017-07-29,79,0.36,0.0,421,7,False,True
2017-07-30,85,0.0,0.0,881,7,False,True
2017-07-31,84,0.0,0.0,301,7,False,False
2017-08-01,84,0.0,0.0,320,8,False,False
2017-08-02,84,0.0,0.0,273,8,False,False
2017-08-03,84,0.0,0.0,263,8,False,False
2017-08-04,83,0.41,0.0,248,8,False,False
2017-08-05,74,0.0001,0.0,646,8,False,True
2017-08-06,75,0.0,0.0,362,8,False,True
2017-08-07,72,0.15,0.0,178,8,False,False
2017-08-08,76,0.0,0.0,318,8,False,False
2017-08-09,81,0.0,0.0,284,8,False,False
2017-08-10,78,0.0001,0.0,250,8,False,False
2017-08-11,81,0.16,0.0,244,8,False,False
2017-08-12,79,0.0,0.0,365,8,False,True
2017-08-13,79,0.0,0.0,368,8,False,True
2017-08-14,80,0.0,0.0,215,8,False,False
2017-08-15,85,0.0,0.0,284,8,False,False
2017-08-16,85,0.0,0.0,262,8,False,False
2017-08-17,88,0.21,0.0,207,8,False,False
2017-08-18,84,0.34,0.0,257,8,False,False
2017-08-19,85,0.66,0.0,253,8,False,True
2017-08-20,83,0.0,0.0,401,8,False,True
2017-08-21,86,0.0,0.0,258,8,False,False
2017-08-22,85,0.61,0.0,140,8,False,False
2017-08-23,76,0.0,0.0,333,8,False,False
2017-08-24,76,0.09,0.0,248,8,False,False
2017-08-25,73,0.0,0.0,311,8,False,False
2017-08-26,75,0.0,0.0,415,8,False,True
2017-08-27,78,0.0,0.0,354,8,False,True
2017-08-28,76,0.0,0.0,261,8,False,False
2017-08-29,75,0.0,0.0,232,8,False,False
2017-08-30,78,0.0,0.0,239,8,False,False
2017-08-31,77,0.0001,0.0,204,8,False,False
2017-09-01,63,0.0,0.0,232,9,False,False
2017-09-02,67,0.08,0.0,168,9,False,True
2017-09-03,73,0.01,0.0,353,9,False,True
2017-09-04,81,0.0,0.0,401,9,True,False
2017-09-05,75,0.23,0.0,161,9,False,False
2017-09-06,69,0.0001,0.0,234,9,False,False
2017-09-07,65,0.13,0.0,198,9,False,False
2017-09-08,69,0.0001,0.0,218,9,False,False
2017-09-09,68,0.0,0.0,311,9,False,True
2017-09-10,69,0.0,0.0,272,9,False,True
2017-09-11,72,0.0,0.0,246,9,False,False
2017-09-12,72,0.0001,0.0,235,9,False,False
2017-09-13,80,0.01,0.0,227,9,False,False
2017-09-14,70,0.09,0.0,188,9,False,False
2017-09-15,75,0.0,0.0,285,9,False,False
2017-09-16,81,0.0,0.0,470,9,False,True
2017-09-17,81,0.0,0.0,290,9,False,True
2017-09-18,83,0.0,0.0,230,9,False,False
2017-09-19,84,0.0,0.0,303,9,False,False
2017-09-20,84,0.0001,0.0,261,9,False,False
2017-09-21,86,0.0,0.0,258,9,False,False
2017-09-22,88,0.0,0.0,322,9,False,False
2017-09-23,89,0.0,0.0,455,9,False,True
2017-09-24,90,0.0,0.0,489,9,False,True
2017-09-25,89,0.0,0.0,241,9,False,False
2017-09-26,89,0.0,0.0,249,9,False,False
2017-09-27,91,0.0001,0.0,254,9,False,False
2017-09-28,72,0.0,0.0,279,9,False,False
2017-09-29,71,0.03,0.0,291,9,False,False
2017-09-30,64,0.0,0.0,317,9,False,True
2017-10-01,69,0.0,0.0,268,10,False,True
2017-10-02,76,0.0,0.0,228,10,False,False
2017-10-03,79,0.0,0.0,246,10,False,False
2017-10-04,81,0.0,0.0,278,10,False,False
2017-10-05,71,0.29,0.0,184,10,False,False
2017-10-06,71,0.0001,0.0,241,10,False,False
2017-10-07,82,0.0001,0.0,382,10,False,True
2017-10-08,73,0.69,0.0,217,10,False,True
2017-10-09,77,0.28,0.0,173,10,True,False
2017-10-10,80,0.0,0.0,257,10,False,False
2017-10-11,77,1.08,0.0,194,10,False,False
2017-10-12,68,0.0001,0.0,170,10,False,False
2017-10-13,74,0.0,0.0,247,10,False,False
2017-10-14,78,0.0,0.0,428,10,False,True
2017-10-15,75,0.19,0.0,223,10,False,True
2017-10-16,59,0.0001,0.0,179,10,False,False
2017-10-17,63,0.0,0.0,202,10,False,False
2017-10-18,70,0.0,0.0,195,10,False,False
2017-10-19,70,0.0,0.0,243,10,False,False
2017-10-20,73,0.0,0.0,293,10,False,False
2017-10-21,75,0.0,0.0,428,10,False,True
2017-10-22,77,0.0,0.0,350,10,False,True
2017-10-23,67,0.96,0.0,70,10,False,False
2017-10-24,59,0.03,0.0,179,10,False,False
2017-10-25,45,0.01,0.0,130,10,False,False
2017-10-26,53,0.0,0.0,164,10,False,False
2017-10-27,71,0.0,0.0,262,10,False,False
2017-10-28,57,0.38,0.0,42,10,False,True
2017-10-29,43,0.2,0.0,37,10,False,True
2017-10-30,46,0.0001,0.0,129,10,False,False
2017-10-31,45,0.0,0.0,134,10,False,False
2017-11-01,48,0.45,0.001,63,11,False,False
2017-11-02,68,0.06,0.0,172,11,False,False
2017-11-03,64,0.03,0.0,148,11,False,False
2017-11-04,61,0.0,0.0,202,11,False,True
2017-11-05,70,0.82,0.0,94,11,False,True
2017-11-06,60,0.72,0.0,106,11,False,False
2017-11-07,39,0.01,0.0,76,11,False,False
2017-11-08,50,0.0,0.0,98,11,False,False
2017-11-09,53,0.0,0.0,155,11,False,False
2017-11-10,41,0.0001,0.001,73,11,True,False
2017-11-11,37,0.0,0.0,93,11,False,True
2017-11-12,46,0.0001,0.0,79,11,False,True
2017-11-13,45,0.03,0.001,114,11,False,False
2017-11-14,44,0.0,0.0,115,11,False,False
2017-11-15,47,0.03,0.0,99,11,False,False
2017-11-16,48,0.0001,0.0,107,11,False,False
2017-11-17,43,0.0,0.0,145,11,False,False
2017-11-18,61,1.69,0.0,27,11,False,True
2017-11-19,47,0.04,0.001,30,11,False,True
2017-11-20,43,0.0,0.0,108,11,False,False
2017-11-21,56,0.0,0.0,122,11,False,False
2017-11-22,47,0.12,0.001,53,11,False,False
2017-11-23,40,0.0,0.0,22,11,True,False
2017-11-24,53,0.0,0.0,80,11,False,False
2017-11-25,56,0.0,0.0,108,11,False,True
2017-11-26,44,0.0001,0.0,60,11,False,True
2017-11-27,52,0.0,0.0,120,11,False,False
2017-11-28,64,0.0,0.0,169,11,False,False
2017-11-29,55,0.0,0.0,129,11,False,False
2017-11-30,62,0.15,0.0,88,11,False,False
2017-12-01,48,0.0,0.0,116,12,False,False
2017-12-02,46,0.0,0.0,79,12,False,True
2017-12-03,55,0.0,0.0,92,12,False,True
2017-12-04,59,0.0,0.0,116,12,False,False
2017-12-05,56,0.37,0.0,63,12,False,False
2017-12-06,44,0.0,0.0,115,12,False,False
2017-12-07,37,0.0001,0.001,85,12,False,False
2017-12-08,30,0.0,0.0,67,12,False,False
2017-12-09,37,0.01,0.2,44,12,False,True
2017-12-10,33,0.01,0.1,50,12,False,True
2017-12-11,39,0.0,0.0,71,12,False,False
2017-12-12,43,0.12,2.6,34,12,False,False
2017-12-13,26,0.08,1.7,42,12,False,False
2017-12-14,33,0.09,2.1,50,12,False,False
2017-12-15,29,0.0001,0.001,46,12,False,False
2017-12-16,44,0.01,0.2,50,12,False,True
2017-12-17,42,0.07,0.0,54,12,False,True
2017-12-18,45,0.0001,0.0,57,12,False,False
2017-12-19,55,0.01,0.0,96,12,False,False
2017-12-20,45,0.0,0.0,68,12,False,False
2017-12-21,42,0.0,0.0,83,12,False,False
2017-12-22,57,0.02,0.0,75,12,False,False
2017-12-23,55,0.47,0.1,15,12,False,True
2017-12-24,37,0.06,0.4,15,12,False,True
2017-12-25,32,0.2,1.4,7,12,True,False
2017-12-26,19,0.0001,0.001,17,12,False,False
2017-12-27,15,0.0001,0.001,18,12,False,False
2017-12-28,15,0.0,0.0,24,12,False,False
2017-12-29,19,0.02,0.3,27,12,False,False
2017-12-30,18,0.08,0.4,3,12,False,True
2017-12-31,14,0.02,0.4,9,12,False,True
